{"the": ["5e75bf9fd369ecd0"], "creative": ["5e75bf9fd369ecd0"], "arts": ["5e75bf9fd369ecd0"], "encompass": ["5e75bf9fd369ecd0"], "a": ["5e75bf9fd369ecd0"], "vast": ["5e75bf9fd369ecd0"], "range": ["5e75bf9fd369ecd0"], "of": ["5e75bf9fd369ecd0"], "human": ["5e75bf9fd369ecd0"], "practices": ["5e75bf9fd369ecd0"], "involving": ["5e75bf9fd369ecd0"], "expression": ["5e75bf9fd369ecd0"], "storytelling": ["5e75bf9fd369ecd0"], "and": ["5e75bf9fd369ecd0"], "cultural": ["5e75bf9fd369ecd0"], "participation": ["5e75bf9fd369ecd0"], "they": ["5e75bf9fd369ecd0"], "include": ["5e75bf9fd369ecd0"], "visual": ["5e75bf9fd369ecd0"], "literature": ["5e75bf9fd369ecd0"], "performing": ["5e75bf9fd369ecd0"], "use": ["5e75bf9fd369ecd0"], "skill": ["5e75bf9fd369ecd0"], "imagination": ["5e75bf9fd369ecd0"], "to": ["5e75bf9fd369ecd0"], "produce": ["5e75bf9fd369ecd0"], "objects": ["5e75bf9fd369ecd0"], "performances": ["5e75bf9fd369ecd0"], "932181997581571": ["5e75bf9fd369ecd0"], "l221": ["5e75bf9fd369ecd0"], "l241": ["5e75bf9fd369ecd0"]}