{"a": ["ddf732453e280f8e"], "working": ["ddf732453e280f8e"], "hypothesis": ["ddf732453e280f8e"], "or": ["ddf732453e280f8e"], "theory": ["ddf732453e280f8e"], "is": ["ddf732453e280f8e"], "provisional": ["ddf732453e280f8e"], "conjecture": ["ddf732453e280f8e"], "set": ["ddf732453e280f8e"], "forth": ["ddf732453e280f8e"], "as": ["ddf732453e280f8e"], "an": ["ddf732453e280f8e"], "explanation": ["ddf732453e280f8e"], "for": ["ddf732453e280f8e"], "phenomena": ["ddf732453e280f8e"], "used": ["ddf732453e280f8e"], "basis": ["ddf732453e280f8e"], "further": ["ddf732453e280f8e"], "verification": ["ddf732453e280f8e"], "guide": ["ddf732453e280f8e"], "investigation": ["ddf732453e280f8e"], "504511723932620": ["ddf732453e280f8e"], "l74": ["ddf732453e280f8e"], "l81": ["ddf732453e280f8e"], "1": ["e9a0ae02315f22bc"], "5": ["e9a0ae02315f22bc"]}