{
  "allowed": [
    "search_memory",
    "search_knowledge_graph",
    "synthesize_findings",
    "store_results",
    "load_data",
    "apply_analysis",
    "generate_report",
    "plan_creation",
    "execute_creation",
    "review_creation"
  ],
  "denied": [
    "delete_data"
  ],
  "limits": {
    "search_memory": 100,
    "search_knowledge_graph": 100,
    "synthesize_findings": 50,
    "store_results": 100,
    "load_data": 50,
    "apply_analysis": 50,
    "generate_report": 20,
    "plan_creation": 20,
    "execute_creation": 20,
    "review_creation": 20
  }
}