[
  {
    "timestamp": 1762355378,
    "truthfulness": true,
    "clarity": true,
    "factual_consistency": false,
    "cache_health_percent": 100.0,
    "latency_ms": 143.982
  },
  {
    "timestamp": 1762355397,
    "truthfulness": true,
    "clarity": true,
    "factual_consistency": false,
    "cache_health_percent": 100.0,
    "latency_ms": 181.05
  },
  {
    "timestamp": 1762355406,
    "truthfulness": true,
    "clarity": true,
    "factual_consistency": false,
    "cache_health_percent": 100.0,
    "latency_ms": 164.788
  },
  {
    "timestamp": 1762355613,
    "truthfulness": true,
    "clarity": true,
    "factual_consistency": true,
    "cache_health_percent": 100.0,
    "latency_ms": 142.301
  },
  {
    "timestamp": 1762355618,
    "truthfulness": false,
    "clarity": true,
    "factual_consistency": false,
    "cache_health_percent": 100.0,
    "latency_ms": 157.81
  },
  {
    "timestamp": 1762355635,
    "truthfulness": true,
    "clarity": true,
    "factual_consistency": false,
    "cache_health_percent": 100.0,
    "latency_ms": 157.568
  },
  {
    "timestamp": 1762355652,
    "truthfulness": true,
    "clarity": true,
    "factual_consistency": true,
    "cache_health_percent": 100.0,
    "latency_ms": 151.297
  },
  {
    "timestamp": 1762355656,
    "truthfulness": true,
    "clarity": true,
    "factual_consistency": false,
    "cache_health_percent": 100.0,
    "latency_ms": 159.099
  },
  {
    "timestamp": 1762355957,
    "truthfulness": true,
    "clarity": true,
    "factual_consistency": false,
    "cache_health_percent": 100.0,
    "latency_ms": 157.648
  },
  {
    "timestamp": 1762355972,
    "truthfulness": true,
    "clarity": true,
    "factual_consistency": true,
    "cache_health_percent": 100.0,
    "latency_ms": 257.684
  },
  {
    "timestamp": 1762355972,
    "truthfulness": true,
    "clarity": true,
    "factual_consistency": true,
    "cache_health_percent": 100.0,
    "latency_ms": 126.097
  },
  {
    "timestamp": 1762355986,
    "truthfulness": true,
    "clarity": true,
    "factual_consistency": false,
    "cache_health_percent": 100.0,
    "latency_ms": 155.041
  },
  {
    "timestamp": 1762355992,
    "truthfulness": true,
    "clarity": true,
    "factual_consistency": true,
    "cache_health_percent": 100.0,
    "latency_ms": 161.887
  },
  {
    "timestamp": 1762355999,
    "truthfulness": false,
    "clarity": false,
    "factual_consistency": true,
    "cache_health_percent": 100.0,
    "latency_ms": 157.142
  },
  {
    "timestamp": 1762356007,
    "truthfulness": true,
    "clarity": true,
    "factual_consistency": true,
    "cache_health_percent": 100.0,
    "latency_ms": 158.381
  },
  {
    "timestamp": 1762356014,
    "truthfulness": true,
    "clarity": true,
    "factual_consistency": false,
    "cache_health_percent": 100.0,
    "latency_ms": 164.242
  },
  {
    "timestamp": 1762356023,
    "truthfulness": false,
    "clarity": false,
    "factual_consistency": true,
    "cache_health_percent": 100.0,
    "latency_ms": 177.215
  },
  {
    "timestamp": 1762357100,
    "truthfulness": true,
    "clarity": true,
    "factual_consistency": true,
    "cache_health_percent": 100.0,
    "latency_ms": 140.514
  },
  {
    "timestamp": 1762357105,
    "truthfulness": true,
    "clarity": true,
    "factual_consistency": true,
    "cache_health_percent": 100.0,
    "latency_ms": 138.359
  },
  {
    "timestamp": 1762357109,
    "truthfulness": true,
    "clarity": false,
    "factual_consistency": false,
    "cache_health_percent": 100.0,
    "latency_ms": 178.335
  },
  {
    "timestamp": 1762357242,
    "truthfulness": true,
    "clarity": false,
    "factual_consistency": false,
    "cache_health_percent": 100.0,
    "latency_ms": 143.229
  },
  {
    "timestamp": 1762357242,
    "truthfulness": true,
    "clarity": false,
    "factual_consistency": false,
    "cache_health_percent": 100.0,
    "latency_ms": 118.723
  },
  {
    "timestamp": 1762357242,
    "truthfulness": true,
    "clarity": true,
    "factual_consistency": true,
    "cache_health_percent": 100.0,
    "latency_ms": 111.702
  },
  {
    "timestamp": 1762357242,
    "truthfulness": true,
    "clarity": true,
    "factual_consistency": true,
    "cache_health_percent": 100.0,
    "latency_ms": 135.772
  },
  {
    "timestamp": 1762357243,
    "truthfulness": true,
    "clarity": false,
    "factual_consistency": false,
    "cache_health_percent": 100.0,
    "latency_ms": 163.998
  },
  {
    "timestamp": 1762357243,
    "truthfulness": true,
    "clarity": false,
    "factual_consistency": false,
    "cache_health_percent": 100.0,
    "latency_ms": 118.325
  },
  {
    "timestamp": 1762357243,
    "truthfulness": true,
    "clarity": true,
    "factual_consistency": false,
    "cache_health_percent": 100.0,
    "latency_ms": 128.479
  },
  {
    "timestamp": 1762358844,
    "truthfulness": true,
    "clarity": false,
    "factual_consistency": false,
    "cache_health_percent": 100.0,
    "latency_ms": 149.353
  },
  {
    "timestamp": 1762358902,
    "truthfulness": true,
    "clarity": false,
    "factual_consistency": false,
    "cache_health_percent": 100.0,
    "latency_ms": 145.454
  },
  {
    "timestamp": 1762359135,
    "truthfulness": true,
    "clarity": false,
    "factual_consistency": false,
    "cache_health_percent": 100.0,
    "latency_ms": 91.148
  },
  {
    "timestamp": 1762359156,
    "truthfulness": true,
    "clarity": false,
    "factual_consistency": false,
    "cache_health_percent": 100.0,
    "latency_ms": 100.842
  },
  {
    "timestamp": 1762359193,
    "truthfulness": true,
    "clarity": false,
    "factual_consistency": false,
    "cache_health_percent": 100.0,
    "latency_ms": 89.981
  },
  {
    "timestamp": 1762359214,
    "truthfulness": true,
    "clarity": true,
    "factual_consistency": true,
    "cache_health_percent": 100.0,
    "latency_ms": 136.696
  },
  {
    "timestamp": 1762359231,
    "truthfulness": true,
    "clarity": true,
    "factual_consistency": true,
    "cache_health_percent": 100.0,
    "latency_ms": 181.085
  },
  {
    "timestamp": 1762359248,
    "truthfulness": true,
    "clarity": true,
    "factual_consistency": true,
    "cache_health_percent": 100.0,
    "latency_ms": 171.617
  },
  {
    "timestamp": 1762359270,
    "truthfulness": true,
    "clarity": false,
    "factual_consistency": false,
    "cache_health_percent": 100.0,
    "latency_ms": 83.212
  },
  {
    "timestamp": 1762359284,
    "truthfulness": true,
    "clarity": true,
    "factual_consistency": true,
    "cache_health_percent": 100.0,
    "latency_ms": 152.099
  },
  {
    "timestamp": 1762359295,
    "truthfulness": true,
    "clarity": false,
    "factual_consistency": false,
    "cache_health_percent": 100.0,
    "latency_ms": 80.019
  },
  {
    "timestamp": 1762359308,
    "truthfulness": true,
    "clarity": true,
    "factual_consistency": true,
    "cache_health_percent": 100.0,
    "latency_ms": 176.907
  },
  {
    "timestamp": 1762359353,
    "truthfulness": true,
    "clarity": true,
    "factual_consistency": true,
    "cache_health_percent": 100.0,
    "latency_ms": 125.097
  },
  {
    "timestamp": 1762360107,
    "truthfulness": true,
    "clarity": false,
    "factual_consistency": false,
    "cache_health_percent": 100.0,
    "latency_ms": 78.157
  },
  {
    "timestamp": 1762360109,
    "truthfulness": true,
    "clarity": false,
    "factual_consistency": false,
    "cache_health_percent": 100.0,
    "latency_ms": 83.459
  },
  {
    "timestamp": 1762360197,
    "truthfulness": true,
    "clarity": false,
    "factual_consistency": false,
    "cache_health_percent": 100.0,
    "latency_ms": 132.556
  },
  {
    "timestamp": 1762360204,
    "truthfulness": true,
    "clarity": true,
    "factual_consistency": true,
    "cache_health_percent": 100.0,
    "latency_ms": 201.164
  },
  {
    "timestamp": 1762360234,
    "truthfulness": true,
    "clarity": false,
    "factual_consistency": false,
    "cache_health_percent": 100.0,
    "latency_ms": 85.453
  },
  {
    "timestamp": 1762360240,
    "truthfulness": true,
    "clarity": true,
    "factual_consistency": true,
    "cache_health_percent": 0.0,
    "latency_ms": 182.697
  },
  {
    "timestamp": 1762360321,
    "truthfulness": true,
    "clarity": false,
    "factual_consistency": true,
    "cache_health_percent": 0.0,
    "latency_ms": 23.469
  },
  {
    "timestamp": 1762360326,
    "truthfulness": true,
    "clarity": false,
    "factual_consistency": true,
    "cache_health_percent": 0.0,
    "latency_ms": 46.0
  },
  {
    "timestamp": 1762360332,
    "truthfulness": true,
    "clarity": false,
    "factual_consistency": false,
    "cache_health_percent": 0.0,
    "latency_ms": 97.965
  },
  {
    "timestamp": 1762360348,
    "truthfulness": true,
    "clarity": false,
    "factual_consistency": true,
    "cache_health_percent": 0.0,
    "latency_ms": 30.908
  },
  {
    "timestamp": 1762360384,
    "truthfulness": true,
    "clarity": false,
    "factual_consistency": false,
    "cache_health_percent": 0.0,
    "latency_ms": 80.683
  },
  {
    "timestamp": 1762360389,
    "truthfulness": true,
    "clarity": false,
    "factual_consistency": true,
    "cache_health_percent": 0.0,
    "latency_ms": 28.527
  },
  {
    "timestamp": 1762360427,
    "truthfulness": true,
    "clarity": false,
    "factual_consistency": false,
    "cache_health_percent": 0.0,
    "latency_ms": 77.713
  },
  {
    "timestamp": 1762360948,
    "truthfulness": true,
    "clarity": false,
    "factual_consistency": false,
    "cache_health_percent": 0.0,
    "latency_ms": 124.729
  },
  {
    "timestamp": 1762363511,
    "truthfulness": true,
    "clarity": true,
    "factual_consistency": true,
    "cache_health_percent": 0.0,
    "latency_ms": 496.904
  },
  {
    "timestamp": 1762363520,
    "truthfulness": false,
    "clarity": true,
    "factual_consistency": false,
    "cache_health_percent": 0.0,
    "latency_ms": 396.508
  },
  {
    "timestamp": 1762363525,
    "truthfulness": true,
    "clarity": false,
    "factual_consistency": false,
    "cache_health_percent": 0.0,
    "latency_ms": 511.09
  },
  {
    "timestamp": 1762363528,
    "truthfulness": true,
    "clarity": false,
    "factual_consistency": true,
    "cache_health_percent": 0.0,
    "latency_ms": 142.33
  },
  {
    "timestamp": 1762363532,
    "truthfulness": true,
    "clarity": true,
    "factual_consistency": false,
    "cache_health_percent": 0.0,
    "latency_ms": 551.736
  },
  {
    "timestamp": 1762363964,
    "truthfulness": true,
    "clarity": true,
    "factual_consistency": true,
    "cache_health_percent": 0.0,
    "latency_ms": 321.98
  },
  {
    "timestamp": 1762363966,
    "truthfulness": true,
    "clarity": false,
    "factual_consistency": true,
    "cache_health_percent": 0.0,
    "latency_ms": 158.513
  },
  {
    "timestamp": 1762363970,
    "truthfulness": true,
    "clarity": true,
    "factual_consistency": true,
    "cache_health_percent": 0.0,
    "latency_ms": 430.104
  },
  {
    "timestamp": 1762364302,
    "truthfulness": true,
    "clarity": true,
    "factual_consistency": true,
    "cache_health_percent": 0.0,
    "latency_ms": 437.72
  },
  {
    "timestamp": 1762364305,
    "truthfulness": false,
    "clarity": true,
    "factual_consistency": false,
    "cache_health_percent": 0.0,
    "latency_ms": 369.226
  },
  {
    "timestamp": 1762366268,
    "truthfulness": false,
    "clarity": true,
    "factual_consistency": false,
    "cache_health_percent": 0.0,
    "latency_ms": 348.735
  },
  {
    "timestamp": 1762366275,
    "truthfulness": false,
    "clarity": true,
    "factual_consistency": false,
    "cache_health_percent": 0.0,
    "latency_ms": 407.774
  },
  {
    "timestamp": 1762366281,
    "truthfulness": true,
    "clarity": false,
    "factual_consistency": false,
    "cache_health_percent": 0.0,
    "latency_ms": 420.941
  },
  {
    "timestamp": 1762369152,
    "truthfulness": true,
    "clarity": true,
    "factual_consistency": true,
    "cache_health_percent": 0.0,
    "latency_ms": 483.482
  },
  {
    "timestamp": 1762369160,
    "truthfulness": false,
    "clarity": false,
    "factual_consistency": true,
    "cache_health_percent": 0.0,
    "latency_ms": 548.438
  },
  {
    "timestamp": 1762374277,
    "truthfulness": true,
    "clarity": true,
    "factual_consistency": true,
    "cache_health_percent": 0.0,
    "latency_ms": 631.258
  },
  {
    "timestamp": 1762374286,
    "truthfulness": true,
    "clarity": true,
    "factual_consistency": false,
    "cache_health_percent": 0.0,
    "latency_ms": 442.956
  },
  {
    "timestamp": 1762374296,
    "truthfulness": true,
    "clarity": true,
    "factual_consistency": false,
    "cache_health_percent": 0.0,
    "latency_ms": 703.681
  },
  {
    "timestamp": 1762374300,
    "truthfulness": true,
    "clarity": true,
    "factual_consistency": false,
    "cache_health_percent": 0.0,
    "latency_ms": 509.164
  },
  {
    "timestamp": 1762374312,
    "truthfulness": true,
    "clarity": false,
    "factual_consistency": false,
    "cache_health_percent": 0.0,
    "latency_ms": 728.12
  },
  {
    "timestamp": 1762374319,
    "truthfulness": false,
    "clarity": false,
    "factual_consistency": true,
    "cache_health_percent": 0.0,
    "latency_ms": 767.231
  },
  {
    "timestamp": 1762375139,
    "truthfulness": true,
    "clarity": true,
    "factual_consistency": false,
    "cache_health_percent": 0.0,
    "latency_ms": 253.353
  },
  {
    "timestamp": 1762375144,
    "truthfulness": true,
    "clarity": false,
    "factual_consistency": false,
    "cache_health_percent": 0.0,
    "latency_ms": 204.054
  },
  {
    "timestamp": 1762375170,
    "truthfulness": true,
    "clarity": false,
    "factual_consistency": false,
    "cache_health_percent": 0.0,
    "latency_ms": 583.355
  },
  {
    "timestamp": 1762375183,
    "truthfulness": true,
    "clarity": false,
    "factual_consistency": false,
    "cache_health_percent": 0.0,
    "latency_ms": 272.956
  },
  {
    "timestamp": 1762375202,
    "truthfulness": true,
    "clarity": true,
    "factual_consistency": false,
    "cache_health_percent": 0.0,
    "latency_ms": 297.595
  },
  {
    "timestamp": 1762377305,
    "truthfulness": true,
    "clarity": true,
    "factual_consistency": false,
    "cache_health_percent": 0.0,
    "latency_ms": 318.568
  },
  {
    "timestamp": 1762377311,
    "truthfulness": true,
    "clarity": true,
    "factual_consistency": false,
    "cache_health_percent": 0.0,
    "latency_ms": 439.439
  },
  {
    "timestamp": 1762377315,
    "truthfulness": true,
    "clarity": true,
    "factual_consistency": false,
    "cache_health_percent": 0.0,
    "latency_ms": 460.265
  },
  {
    "timestamp": 1762377319,
    "truthfulness": true,
    "clarity": false,
    "factual_consistency": false,
    "cache_health_percent": 0.0,
    "latency_ms": 209.167
  },
  {
    "timestamp": 1762377346,
    "truthfulness": true,
    "clarity": true,
    "factual_consistency": false,
    "cache_health_percent": 0.0,
    "latency_ms": 264.46
  },
  {
    "timestamp": 1762377353,
    "truthfulness": true,
    "clarity": false,
    "factual_consistency": true,
    "cache_health_percent": 0.0,
    "latency_ms": 194.891
  },
  {
    "timestamp": 1762377363,
    "truthfulness": true,
    "clarity": true,
    "factual_consistency": false,
    "cache_health_percent": 0.0,
    "latency_ms": 420.623
  },
  {
    "timestamp": 1762377372,
    "truthfulness": true,
    "clarity": true,
    "factual_consistency": false,
    "cache_health_percent": 0.0,
    "latency_ms": 197.614
  },
  {
    "timestamp": 1762383088,
    "truthfulness": true,
    "clarity": true,
    "factual_consistency": true,
    "cache_health_percent": 0.0,
    "latency_ms": 468.311
  },
  {
    "timestamp": 1762395315,
    "truthfulness": false,
    "clarity": true,
    "factual_consistency": true,
    "cache_health_percent": 0.0,
    "latency_ms": 0.001
  },
  {
    "timestamp": 1762395318,
    "truthfulness": false,
    "clarity": true,
    "factual_consistency": true,
    "cache_health_percent": 0.0,
    "latency_ms": 0.002
  },
  {
    "timestamp": 1762395321,
    "truthfulness": true,
    "clarity": false,
    "factual_consistency": true,
    "cache_health_percent": 0.0,
    "latency_ms": 652.812
  },
  {
    "timestamp": 1762395327,
    "truthfulness": true,
    "clarity": false,
    "factual_consistency": true,
    "cache_health_percent": 0.0,
    "latency_ms": 616.557
  },
  {
    "timestamp": 1762399292,
    "truthfulness": true,
    "clarity": false,
    "factual_consistency": false,
    "cache_health_percent": 0.0,
    "latency_ms": 373.766
  },
  {
    "timestamp": 1762399300,
    "truthfulness": true,
    "clarity": false,
    "factual_consistency": false,
    "cache_health_percent": 0.0,
    "latency_ms": 568.998
  },
  {
    "timestamp": 1762399308,
    "truthfulness": true,
    "clarity": false,
    "factual_consistency": false,
    "cache_health_percent": 0.0,
    "latency_ms": 389.842
  },
  {
    "timestamp": 1762399326,
    "truthfulness": true,
    "clarity": false,
    "factual_consistency": false,
    "cache_health_percent": 0.0,
    "latency_ms": 408.183
  },
  {
    "timestamp": 1762399330,
    "truthfulness": true,
    "clarity": false,
    "factual_consistency": false,
    "cache_health_percent": 0.0,
    "latency_ms": 472.311
  },
  {
    "timestamp": 1762399363,
    "truthfulness": true,
    "clarity": true,
    "factual_consistency": false,
    "cache_health_percent": 0.0,
    "latency_ms": 480.542
  },
  {
    "timestamp": 1762399370,
    "truthfulness": true,
    "clarity": false,
    "factual_consistency": true,
    "cache_health_percent": 0.0,
    "latency_ms": 123.671
  },
  {
    "timestamp": 1762399370,
    "truthfulness": false,
    "clarity": true,
    "factual_consistency": true,
    "cache_health_percent": 0.0,
    "latency_ms": 0.001
  },
  {
    "timestamp": 1762399371,
    "truthfulness": true,
    "clarity": true,
    "factual_consistency": true,
    "cache_health_percent": 0.0,
    "latency_ms": 458.439
  },
  {
    "timestamp": 1762399371,
    "truthfulness": true,
    "clarity": true,
    "factual_consistency": false,
    "cache_health_percent": 0.0,
    "latency_ms": 402.529
  },
  {
    "timestamp": 1762399380,
    "truthfulness": true,
    "clarity": false,
    "factual_consistency": true,
    "cache_health_percent": 0.0,
    "latency_ms": 147.003
  },
  {
    "timestamp": 1762399386,
    "truthfulness": true,
    "clarity": true,
    "factual_consistency": true,
    "cache_health_percent": 0.0,
    "latency_ms": 599.297
  },
  {
    "timestamp": 1762399398,
    "truthfulness": true,
    "clarity": false,
    "factual_consistency": true,
    "cache_health_percent": 0.0,
    "latency_ms": 179.145
  },
  {
    "timestamp": 1762399403,
    "truthfulness": true,
    "clarity": false,
    "factual_consistency": true,
    "cache_health_percent": 0.0,
    "latency_ms": 129.781
  },
  {
    "timestamp": 1762399408,
    "truthfulness": true,
    "clarity": false,
    "factual_consistency": true,
    "cache_health_percent": 0.0,
    "latency_ms": 130.478
  },
  {
    "timestamp": 1762399414,
    "truthfulness": true,
    "clarity": true,
    "factual_consistency": false,
    "cache_health_percent": 0.0,
    "latency_ms": 330.649
  },
  {
    "timestamp": 1762399414,
    "truthfulness": true,
    "clarity": false,
    "factual_consistency": false,
    "cache_health_percent": 0.0,
    "latency_ms": 336.907
  },
  {
    "timestamp": 1762399436,
    "truthfulness": false,
    "clarity": true,
    "factual_consistency": true,
    "cache_health_percent": 0.0,
    "latency_ms": 0.001
  },
  {
    "timestamp": 1762399436,
    "truthfulness": true,
    "clarity": false,
    "factual_consistency": true,
    "cache_health_percent": 0.0,
    "latency_ms": 113.775
  },
  {
    "timestamp": 1762399437,
    "truthfulness": false,
    "clarity": true,
    "factual_consistency": true,
    "cache_health_percent": 0.0,
    "latency_ms": 0.001
  },
  {
    "timestamp": 1762399437,
    "truthfulness": true,
    "clarity": false,
    "factual_consistency": true,
    "cache_health_percent": 0.0,
    "latency_ms": 141.817
  },
  {
    "timestamp": 1762399474,
    "truthfulness": false,
    "clarity": true,
    "factual_consistency": true,
    "cache_health_percent": 0.0,
    "latency_ms": 0.001
  },
  {
    "timestamp": 1762399479,
    "truthfulness": true,
    "clarity": false,
    "factual_consistency": true,
    "cache_health_percent": 0.0,
    "latency_ms": 121.062
  },
  {
    "timestamp": 1762399791,
    "truthfulness": true,
    "clarity": true,
    "factual_consistency": false,
    "cache_health_percent": 0.0,
    "latency_ms": 310.651
  },
  {
    "timestamp": 1762399799,
    "truthfulness": true,
    "clarity": true,
    "factual_consistency": false,
    "cache_health_percent": 0.0,
    "latency_ms": 408.836
  },
  {
    "timestamp": 1762399808,
    "truthfulness": true,
    "clarity": false,
    "factual_consistency": true,
    "cache_health_percent": 0.0,
    "latency_ms": 663.135
  },
  {
    "timestamp": 1762399814,
    "truthfulness": true,
    "clarity": true,
    "factual_consistency": true,
    "cache_health_percent": 0.0,
    "latency_ms": 485.557
  },
  {
    "timestamp": 1762399886,
    "truthfulness": true,
    "clarity": true,
    "factual_consistency": false,
    "cache_health_percent": 0.0,
    "latency_ms": 442.674
  },
  {
    "timestamp": 1762399900,
    "truthfulness": false,
    "clarity": true,
    "factual_consistency": true,
    "cache_health_percent": 0.0,
    "latency_ms": 0.001
  },
  {
    "timestamp": 1762399905,
    "truthfulness": false,
    "clarity": true,
    "factual_consistency": true,
    "cache_health_percent": 0.0,
    "latency_ms": 0.001
  },
  {
    "timestamp": 1762399913,
    "truthfulness": false,
    "clarity": true,
    "factual_consistency": true,
    "cache_health_percent": 0.0,
    "latency_ms": 0.002
  },
  {
    "timestamp": 1762399915,
    "truthfulness": false,
    "clarity": true,
    "factual_consistency": true,
    "cache_health_percent": 0.0,
    "latency_ms": 0.001
  },
  {
    "timestamp": 1762399919,
    "truthfulness": true,
    "clarity": true,
    "factual_consistency": false,
    "cache_health_percent": 0.0,
    "latency_ms": 402.557
  },
  {
    "timestamp": 1762399924,
    "truthfulness": true,
    "clarity": true,
    "factual_consistency": false,
    "cache_health_percent": 0.0,
    "latency_ms": 338.877
  },
  {
    "timestamp": 1762399928,
    "truthfulness": true,
    "clarity": true,
    "factual_consistency": false,
    "cache_health_percent": 0.0,
    "latency_ms": 500.089
  },
  {
    "timestamp": 1762399928,
    "truthfulness": true,
    "clarity": true,
    "factual_consistency": false,
    "cache_health_percent": 0.0,
    "latency_ms": 333.843
  },
  {
    "timestamp": 1762399929,
    "truthfulness": true,
    "clarity": true,
    "factual_consistency": false,
    "cache_health_percent": 0.0,
    "latency_ms": 452.572
  },
  {
    "timestamp": 1762399932,
    "truthfulness": false,
    "clarity": true,
    "factual_consistency": true,
    "cache_health_percent": 0.0,
    "latency_ms": 0.001
  },
  {
    "timestamp": 1762400364,
    "truthfulness": true,
    "clarity": true,
    "factual_consistency": false,
    "cache_health_percent": 0.0,
    "latency_ms": 378.761
  },
  {
    "timestamp": 1762400365,
    "truthfulness": true,
    "clarity": true,
    "factual_consistency": false,
    "cache_health_percent": 0.0,
    "latency_ms": 361.256
  },
  {
    "timestamp": 1762400583,
    "truthfulness": true,
    "clarity": true,
    "factual_consistency": false,
    "cache_health_percent": 0.0,
    "latency_ms": 325.187
  },
  {
    "timestamp": 1762400584,
    "truthfulness": true,
    "clarity": true,
    "factual_consistency": false,
    "cache_health_percent": 0.0,
    "latency_ms": 284.015
  },
  {
    "timestamp": 1762400584,
    "truthfulness": false,
    "clarity": true,
    "factual_consistency": false,
    "cache_health_percent": 0.0,
    "latency_ms": 289.174
  },
  {
    "timestamp": 1762400619,
    "truthfulness": true,
    "clarity": true,
    "factual_consistency": true,
    "cache_health_percent": 0.0,
    "latency_ms": 167.449
  },
  {
    "timestamp": 1762400620,
    "truthfulness": true,
    "clarity": true,
    "factual_consistency": false,
    "cache_health_percent": 0.0,
    "latency_ms": 351.152
  },
  {
    "timestamp": 1762400620,
    "truthfulness": true,
    "clarity": true,
    "factual_consistency": false,
    "cache_health_percent": 0.0,
    "latency_ms": 318.794
  },
  {
    "timestamp": 1762400621,
    "truthfulness": false,
    "clarity": true,
    "factual_consistency": false,
    "cache_health_percent": 0.0,
    "latency_ms": 273.057
  },
  {
    "timestamp": 1762400754,
    "truthfulness": false,
    "clarity": true,
    "factual_consistency": true,
    "cache_health_percent": 0.0,
    "latency_ms": 0.001
  },
  {
    "timestamp": 1762401447,
    "truthfulness": true,
    "clarity": true,
    "factual_consistency": false,
    "cache_health_percent": 0.0,
    "latency_ms": 476.621
  },
  {
    "timestamp": 1762401453,
    "truthfulness": true,
    "clarity": true,
    "factual_consistency": false,
    "cache_health_percent": 0.0,
    "latency_ms": 390.985
  },
  {
    "timestamp": 1762401459,
    "truthfulness": true,
    "clarity": true,
    "factual_consistency": false,
    "cache_health_percent": 0.0,
    "latency_ms": 464.067
  },
  {
    "timestamp": 1762401464,
    "truthfulness": true,
    "clarity": true,
    "factual_consistency": false,
    "cache_health_percent": 0.0,
    "latency_ms": 410.329
  },
  {
    "timestamp": 1762401469,
    "truthfulness": true,
    "clarity": true,
    "factual_consistency": false,
    "cache_health_percent": 0.0,
    "latency_ms": 392.442
  },
  {
    "timestamp": 1762401488,
    "truthfulness": true,
    "clarity": true,
    "factual_consistency": false,
    "cache_health_percent": 0.0,
    "latency_ms": 465.893
  },
  {
    "timestamp": 1762401492,
    "truthfulness": true,
    "clarity": true,
    "factual_consistency": false,
    "cache_health_percent": 0.0,
    "latency_ms": 372.984
  },
  {
    "timestamp": 1762401974,
    "truthfulness": false,
    "clarity": true,
    "factual_consistency": true,
    "cache_health_percent": 0.0,
    "latency_ms": 0.001
  },
  {
    "timestamp": 1762401978,
    "truthfulness": false,
    "clarity": true,
    "factual_consistency": true,
    "cache_health_percent": 0.0,
    "latency_ms": 0.001
  },
  {
    "timestamp": 1762401982,
    "truthfulness": false,
    "clarity": true,
    "factual_consistency": true,
    "cache_health_percent": 0.0,
    "latency_ms": 0.002
  },
  {
    "timestamp": 1762402016,
    "truthfulness": false,
    "clarity": false,
    "factual_consistency": true,
    "cache_health_percent": 0.0,
    "latency_ms": 0.001
  },
  {
    "timestamp": 1762402020,
    "truthfulness": false,
    "clarity": false,
    "factual_consistency": true,
    "cache_health_percent": 0.0,
    "latency_ms": 0.001
  },
  {
    "timestamp": 1762402023,
    "truthfulness": false,
    "clarity": false,
    "factual_consistency": true,
    "cache_health_percent": 0.0,
    "latency_ms": 0.001
  },
  {
    "timestamp": 1762402667,
    "truthfulness": false,
    "clarity": false,
    "factual_consistency": true,
    "cache_health_percent": 0.0,
    "latency_ms": 0.002
  },
  {
    "timestamp": 1762402670,
    "truthfulness": false,
    "clarity": true,
    "factual_consistency": true,
    "cache_health_percent": 0.0,
    "latency_ms": 0.001
  },
  {
    "timestamp": 1762402671,
    "truthfulness": true,
    "clarity": true,
    "factual_consistency": false,
    "cache_health_percent": 0.0,
    "latency_ms": 437.014
  },
  {
    "timestamp": 1762402671,
    "truthfulness": true,
    "clarity": true,
    "factual_consistency": false,
    "cache_health_percent": 0.0,
    "latency_ms": 513.192
  },
  {
    "timestamp": 1762402679,
    "truthfulness": false,
    "clarity": false,
    "factual_consistency": true,
    "cache_health_percent": 0.0,
    "latency_ms": 0.001
  },
  {
    "timestamp": 1762402679,
    "truthfulness": false,
    "clarity": true,
    "factual_consistency": true,
    "cache_health_percent": 0.0,
    "latency_ms": 0.001
  },
  {
    "timestamp": 1762402706,
    "truthfulness": true,
    "clarity": true,
    "factual_consistency": false,
    "cache_health_percent": 0.0,
    "latency_ms": 426.529
  },
  {
    "timestamp": 1762402772,
    "truthfulness": false,
    "clarity": false,
    "factual_consistency": true,
    "cache_health_percent": 0.0,
    "latency_ms": 0.002
  },
  {
    "timestamp": 1762402773,
    "truthfulness": true,
    "clarity": true,
    "factual_consistency": false,
    "cache_health_percent": 0.0,
    "latency_ms": 463.305
  },
  {
    "timestamp": 1762402777,
    "truthfulness": false,
    "clarity": false,
    "factual_consistency": true,
    "cache_health_percent": 0.0,
    "latency_ms": 0.001
  },
  {
    "timestamp": 1762402780,
    "truthfulness": false,
    "clarity": false,
    "factual_consistency": true,
    "cache_health_percent": 0.0,
    "latency_ms": 0.002
  },
  {
    "timestamp": 1762402785,
    "truthfulness": false,
    "clarity": false,
    "factual_consistency": true,
    "cache_health_percent": 0.0,
    "latency_ms": 0.001
  },
  {
    "timestamp": 1762402785,
    "truthfulness": true,
    "clarity": true,
    "factual_consistency": false,
    "cache_health_percent": 0.0,
    "latency_ms": 276.337
  },
  {
    "timestamp": 1762402786,
    "truthfulness": true,
    "clarity": true,
    "factual_consistency": false,
    "cache_health_percent": 0.0,
    "latency_ms": 485.964
  },
  {
    "timestamp": 1762402786,
    "truthfulness": false,
    "clarity": true,
    "factual_consistency": true,
    "cache_health_percent": 0.0,
    "latency_ms": 0.001
  },
  {
    "timestamp": 1762402787,
    "truthfulness": false,
    "clarity": false,
    "factual_consistency": true,
    "cache_health_percent": 0.0,
    "latency_ms": 0.001
  },
  {
    "timestamp": 1762402842,
    "truthfulness": false,
    "clarity": false,
    "factual_consistency": true,
    "cache_health_percent": 0.0,
    "latency_ms": 0.001
  },
  {
    "timestamp": 1762402843,
    "truthfulness": true,
    "clarity": true,
    "factual_consistency": false,
    "cache_health_percent": 0.0,
    "latency_ms": 333.724
  },
  {
    "timestamp": 1762402843,
    "truthfulness": true,
    "clarity": true,
    "factual_consistency": false,
    "cache_health_percent": 0.0,
    "latency_ms": 250.458
  },
  {
    "timestamp": 1762402867,
    "truthfulness": false,
    "clarity": false,
    "factual_consistency": true,
    "cache_health_percent": 0.0,
    "latency_ms": 0.001
  },
  {
    "timestamp": 1762402868,
    "truthfulness": true,
    "clarity": true,
    "factual_consistency": false,
    "cache_health_percent": 0.0,
    "latency_ms": 457.528
  },
  {
    "timestamp": 1762402868,
    "truthfulness": false,
    "clarity": true,
    "factual_consistency": true,
    "cache_health_percent": 0.0,
    "latency_ms": 0.001
  },
  {
    "timestamp": 1762402868,
    "truthfulness": false,
    "clarity": false,
    "factual_consistency": true,
    "cache_health_percent": 0.0,
    "latency_ms": 0.001
  },
  {
    "timestamp": 1762408122,
    "truthfulness": true,
    "clarity": false,
    "factual_consistency": false,
    "cache_health_percent": 0.0,
    "latency_ms": 435.635
  },
  {
    "timestamp": 1762408169,
    "truthfulness": true,
    "clarity": false,
    "factual_consistency": false,
    "cache_health_percent": 0.0,
    "latency_ms": 437.65
  },
  {
    "timestamp": 1762430315,
    "truthfulness": true,
    "clarity": false,
    "factual_consistency": false,
    "cache_health_percent": 0.0,
    "latency_ms": 300.91
  },
  {
    "timestamp": 1762430351,
    "truthfulness": true,
    "clarity": false,
    "factual_consistency": false,
    "cache_health_percent": 0.0,
    "latency_ms": 358.404
  },
  {
    "timestamp": 1762430395,
    "truthfulness": true,
    "clarity": true,
    "factual_consistency": false,
    "cache_health_percent": 0.0,
    "latency_ms": 356.921
  },
  {
    "timestamp": 1762430398,
    "truthfulness": true,
    "clarity": false,
    "factual_consistency": false,
    "cache_health_percent": 0.0,
    "latency_ms": 406.66
  },
  {
    "timestamp": 1762431080,
    "truthfulness": true,
    "clarity": false,
    "factual_consistency": false,
    "cache_health_percent": 0.0,
    "latency_ms": 465.854
  },
  {
    "timestamp": 1762431094,
    "truthfulness": true,
    "clarity": false,
    "factual_consistency": false,
    "cache_health_percent": 0.0,
    "latency_ms": 470.139
  },
  {
    "timestamp": 1762431110,
    "truthfulness": true,
    "clarity": false,
    "factual_consistency": false,
    "cache_health_percent": 0.0,
    "latency_ms": 459.387
  },
  {
    "timestamp": 1762431113,
    "truthfulness": true,
    "clarity": false,
    "factual_consistency": false,
    "cache_health_percent": 0.0,
    "latency_ms": 345.034
  },
  {
    "timestamp": 1762432607,
    "truthfulness": true,
    "clarity": true,
    "factual_consistency": false,
    "cache_health_percent": 0.0,
    "latency_ms": 420.37
  },
  {
    "timestamp": 1762432619,
    "truthfulness": true,
    "clarity": true,
    "factual_consistency": false,
    "cache_health_percent": 0.0,
    "latency_ms": 359.89
  },
  {
    "timestamp": 1762432623,
    "truthfulness": true,
    "clarity": true,
    "factual_consistency": false,
    "cache_health_percent": 0.0,
    "latency_ms": 394.239
  },
  {
    "timestamp": 1762432629,
    "truthfulness": true,
    "clarity": true,
    "factual_consistency": false,
    "cache_health_percent": 0.0,
    "latency_ms": 343.28
  },
  {
    "timestamp": 1762432634,
    "truthfulness": true,
    "clarity": false,
    "factual_consistency": false,
    "cache_health_percent": 0.0,
    "latency_ms": 343.967
  },
  {
    "timestamp": 1762432640,
    "truthfulness": true,
    "clarity": true,
    "factual_consistency": false,
    "cache_health_percent": 0.0,
    "latency_ms": 366.511
  },
  {
    "timestamp": 1762432650,
    "truthfulness": true,
    "clarity": false,
    "factual_consistency": false,
    "cache_health_percent": 0.0,
    "latency_ms": 322.792
  },
  {
    "timestamp": 1762432658,
    "truthfulness": true,
    "clarity": true,
    "factual_consistency": false,
    "cache_health_percent": 0.0,
    "latency_ms": 374.469
  },
  {
    "timestamp": 1762433620,
    "truthfulness": false,
    "clarity": false,
    "factual_consistency": false,
    "cache_health_percent": 0.0,
    "latency_ms": 559.881
  },
  {
    "timestamp": 1762433630,
    "truthfulness": false,
    "clarity": true,
    "factual_consistency": false,
    "cache_health_percent": 0.0,
    "latency_ms": 459.007
  },
  {
    "timestamp": 1762433796,
    "truthfulness": false,
    "clarity": false,
    "factual_consistency": false,
    "cache_health_percent": 0.0,
    "latency_ms": 557.085
  },
  {
    "timestamp": 1762433902,
    "truthfulness": false,
    "clarity": false,
    "factual_consistency": false,
    "cache_health_percent": 0.0,
    "latency_ms": 479.886
  },
  {
    "timestamp": 1762433914,
    "truthfulness": false,
    "clarity": false,
    "factual_consistency": false,
    "cache_health_percent": 0.0,
    "latency_ms": 468.645
  },
  {
    "timestamp": 1762433996,
    "truthfulness": true,
    "clarity": false,
    "factual_consistency": false,
    "cache_health_percent": 0.0,
    "latency_ms": 392.406
  },
  {
    "timestamp": 1762434197,
    "truthfulness": false,
    "clarity": false,
    "factual_consistency": false,
    "cache_health_percent": 0.0,
    "latency_ms": 536.391
  },
  {
    "timestamp": 1762434198,
    "truthfulness": false,
    "clarity": false,
    "factual_consistency": false,
    "cache_health_percent": 0.0,
    "latency_ms": 484.304
  },
  {
    "timestamp": 1762434198,
    "truthfulness": true,
    "clarity": false,
    "factual_consistency": false,
    "cache_health_percent": 0.0,
    "latency_ms": 272.982
  },
  {
    "timestamp": 1762434199,
    "truthfulness": true,
    "clarity": false,
    "factual_consistency": true,
    "cache_health_percent": 0.0,
    "latency_ms": 366.203
  },
  {
    "timestamp": 1762434208,
    "truthfulness": true,
    "clarity": true,
    "factual_consistency": true,
    "cache_health_percent": 0.0,
    "latency_ms": 474.594
  },
  {
    "timestamp": 1762434292,
    "truthfulness": true,
    "clarity": false,
    "factual_consistency": true,
    "cache_health_percent": 0.0,
    "latency_ms": 124.743
  },
  {
    "timestamp": 1762434300,
    "truthfulness": true,
    "clarity": false,
    "factual_consistency": true,
    "cache_health_percent": 0.0,
    "latency_ms": 159.467
  },
  {
    "timestamp": 1762436742,
    "truthfulness": false,
    "clarity": false,
    "factual_consistency": false,
    "cache_health_percent": 0.0,
    "latency_ms": 660.882
  },
  {
    "timestamp": 1762436747,
    "truthfulness": true,
    "clarity": false,
    "factual_consistency": true,
    "cache_health_percent": 0.0,
    "latency_ms": 559.92
  },
  {
    "timestamp": 1762436761,
    "truthfulness": false,
    "clarity": false,
    "factual_consistency": false,
    "cache_health_percent": 0.0,
    "latency_ms": 528.236
  },
  {
    "timestamp": 1762437246,
    "truthfulness": true,
    "clarity": false,
    "factual_consistency": true,
    "cache_health_percent": 0.0,
    "latency_ms": 522.562
  },
  {
    "timestamp": 1762437254,
    "truthfulness": true,
    "clarity": true,
    "factual_consistency": true,
    "cache_health_percent": 0.0,
    "latency_ms": 498.064
  },
  {
    "timestamp": 1762437268,
    "truthfulness": true,
    "clarity": false,
    "factual_consistency": true,
    "cache_health_percent": 0.0,
    "latency_ms": 522.434
  },
  {
    "timestamp": 1762437289,
    "truthfulness": true,
    "clarity": false,
    "factual_consistency": false,
    "cache_health_percent": 0.0,
    "latency_ms": 415.857
  },
  {
    "timestamp": 1762437294,
    "truthfulness": true,
    "clarity": true,
    "factual_consistency": true,
    "cache_health_percent": 0.0,
    "latency_ms": 457.973
  },
  {
    "timestamp": 1762437299,
    "truthfulness": false,
    "clarity": false,
    "factual_consistency": false,
    "cache_health_percent": 0.0,
    "latency_ms": 480.374
  },
  {
    "timestamp": 1762437610,
    "truthfulness": false,
    "clarity": false,
    "factual_consistency": false,
    "cache_health_percent": 0.0,
    "latency_ms": 629.068
  },
  {
    "timestamp": 1762437669,
    "truthfulness": false,
    "clarity": false,
    "factual_consistency": false,
    "cache_health_percent": 0.0,
    "latency_ms": 611.928
  },
  {
    "timestamp": 1762437678,
    "truthfulness": false,
    "clarity": false,
    "factual_consistency": false,
    "cache_health_percent": 0.0,
    "latency_ms": 466.089
  },
  {
    "timestamp": 1762437683,
    "truthfulness": true,
    "clarity": true,
    "factual_consistency": true,
    "cache_health_percent": 0.0,
    "latency_ms": 484.464
  },
  {
    "timestamp": 1762437688,
    "truthfulness": false,
    "clarity": false,
    "factual_consistency": false,
    "cache_health_percent": 0.0,
    "latency_ms": 511.433
  },
  {
    "timestamp": 1762437706,
    "truthfulness": false,
    "clarity": false,
    "factual_consistency": false,
    "cache_health_percent": 0.0,
    "latency_ms": 473.833
  },
  {
    "timestamp": 1762437746,
    "truthfulness": false,
    "clarity": false,
    "factual_consistency": false,
    "cache_health_percent": 0.0,
    "latency_ms": 421.865
  },
  {
    "timestamp": 1762437755,
    "truthfulness": true,
    "clarity": true,
    "factual_consistency": true,
    "cache_health_percent": 0.0,
    "latency_ms": 459.403
  },
  {
    "timestamp": 1762437763,
    "truthfulness": true,
    "clarity": false,
    "factual_consistency": true,
    "cache_health_percent": 0.0,
    "latency_ms": 473.285
  },
  {
    "timestamp": 1762445091,
    "truthfulness": true,
    "clarity": true,
    "factual_consistency": true,
    "cache_health_percent": 0.0,
    "latency_ms": 1148.915
  },
  {
    "timestamp": 1762445417,
    "truthfulness": true,
    "clarity": true,
    "factual_consistency": true,
    "cache_health_percent": 0.0,
    "latency_ms": 1084.346
  },
  {
    "timestamp": 1762445431,
    "truthfulness": true,
    "clarity": true,
    "factual_consistency": true,
    "cache_health_percent": 0.0,
    "latency_ms": 770.103
  },
  {
    "timestamp": 1762446853,
    "truthfulness": true,
    "clarity": true,
    "factual_consistency": true,
    "cache_health_percent": 0.0,
    "latency_ms": 345.376
  },
  {
    "timestamp": 1762447493,
    "truthfulness": true,
    "clarity": true,
    "factual_consistency": true,
    "cache_health_percent": 0.0,
    "latency_ms": 372.347
  },
  {
    "timestamp": 1762448120,
    "truthfulness": true,
    "clarity": true,
    "factual_consistency": true,
    "cache_health_percent": 0.0,
    "latency_ms": 319.365
  },
  {
    "timestamp": 1762450102,
    "truthfulness": true,
    "clarity": false,
    "factual_consistency": false,
    "cache_health_percent": 0.0,
    "latency_ms": 114.763
  },
  {
    "timestamp": 1762450106,
    "truthfulness": true,
    "clarity": true,
    "factual_consistency": true,
    "cache_health_percent": 0.0,
    "latency_ms": 250.363
  },
  {
    "timestamp": 1762500769,
    "truthfulness": false,
    "clarity": false,
    "factual_consistency": true,
    "cache_health_percent": 0.0,
    "latency_ms": 0.001
  },
  {
    "timestamp": 1762500772,
    "truthfulness": true,
    "clarity": false,
    "factual_consistency": false,
    "cache_health_percent": 0.0,
    "latency_ms": 415.985
  },
  {
    "timestamp": 1762500789,
    "truthfulness": false,
    "clarity": false,
    "factual_consistency": true,
    "cache_health_percent": 0.0,
    "latency_ms": 0.001
  },
  {
    "timestamp": 1762500861,
    "truthfulness": true,
    "clarity": true,
    "factual_consistency": false,
    "cache_health_percent": 0.0,
    "latency_ms": 460.011
  },
  {
    "timestamp": 1762501113,
    "truthfulness": false,
    "clarity": false,
    "factual_consistency": true,
    "cache_health_percent": 0.0,
    "latency_ms": 0.001
  },
  {
    "timestamp": 1762501118,
    "truthfulness": false,
    "clarity": true,
    "factual_consistency": false,
    "cache_health_percent": 0.0,
    "latency_ms": 418.866
  },
  {
    "timestamp": 1762501124,
    "truthfulness": true,
    "clarity": true,
    "factual_consistency": false,
    "cache_health_percent": 0.0,
    "latency_ms": 413.191
  },
  {
    "timestamp": 1762501138,
    "truthfulness": true,
    "clarity": false,
    "factual_consistency": false,
    "cache_health_percent": 0.0,
    "latency_ms": 483.583
  },
  {
    "timestamp": 1762501165,
    "truthfulness": true,
    "clarity": false,
    "factual_consistency": false,
    "cache_health_percent": 0.0,
    "latency_ms": 482.876
  },
  {
    "timestamp": 1762532985,
    "truthfulness": true,
    "clarity": true,
    "factual_consistency": true,
    "cache_health_percent": 0.0,
    "latency_ms": 586.317
  },
  {
    "timestamp": 1762548690,
    "truthfulness": true,
    "clarity": false,
    "factual_consistency": false,
    "cache_health_percent": 0.0,
    "latency_ms": 213.801
  },
  {
    "timestamp": 1762548696,
    "truthfulness": true,
    "clarity": true,
    "factual_consistency": false,
    "cache_health_percent": 0.0,
    "latency_ms": 243.525
  },
  {
    "timestamp": 1762548717,
    "truthfulness": true,
    "clarity": true,
    "factual_consistency": false,
    "cache_health_percent": 0.0,
    "latency_ms": 225.375
  },
  {
    "timestamp": 1762548728,
    "truthfulness": true,
    "clarity": true,
    "factual_consistency": false,
    "cache_health_percent": 0.0,
    "latency_ms": 217.657
  },
  {
    "timestamp": 1762551511,
    "truthfulness": true,
    "clarity": true,
    "factual_consistency": false,
    "cache_health_percent": 0.0,
    "latency_ms": 280.241
  },
  {
    "timestamp": 1762551548,
    "truthfulness": true,
    "clarity": true,
    "factual_consistency": false,
    "cache_health_percent": 0.0,
    "latency_ms": 218.016
  },
  {
    "timestamp": 1762551597,
    "truthfulness": true,
    "clarity": true,
    "factual_consistency": false,
    "cache_health_percent": 0.0,
    "latency_ms": 272.069
  },
  {
    "timestamp": 1762551600,
    "truthfulness": true,
    "clarity": true,
    "factual_consistency": false,
    "cache_health_percent": 0.0,
    "latency_ms": 204.706
  },
  {
    "timestamp": 1762644884,
    "truthfulness": true,
    "clarity": true,
    "factual_consistency": false,
    "cache_health_percent": 0.0,
    "latency_ms": 267.988
  },
  {
    "timestamp": 1762644897,
    "truthfulness": true,
    "clarity": true,
    "factual_consistency": false,
    "cache_health_percent": 0.0,
    "latency_ms": 342.793
  },
  {
    "timestamp": 1762644995,
    "truthfulness": true,
    "clarity": true,
    "factual_consistency": false,
    "cache_health_percent": 0.0,
    "latency_ms": 379.855
  },
  {
    "timestamp": 1762644998,
    "truthfulness": true,
    "clarity": true,
    "factual_consistency": false,
    "cache_health_percent": 0.0,
    "latency_ms": 305.899
  },
  {
    "timestamp": 1762645000,
    "truthfulness": true,
    "clarity": true,
    "factual_consistency": false,
    "cache_health_percent": 0.0,
    "latency_ms": 275.066
  },
  {
    "timestamp": 1762646563,
    "truthfulness": true,
    "clarity": true,
    "factual_consistency": false,
    "cache_health_percent": 0.0,
    "latency_ms": 311.551
  },
  {
    "timestamp": 1762646564,
    "truthfulness": true,
    "clarity": true,
    "factual_consistency": false,
    "cache_health_percent": 0.0,
    "latency_ms": 253.279
  },
  {
    "timestamp": 1762646564,
    "truthfulness": true,
    "clarity": true,
    "factual_consistency": false,
    "cache_health_percent": 0.0,
    "latency_ms": 235.962
  },
  {
    "timestamp": 1762646564,
    "truthfulness": true,
    "clarity": false,
    "factual_consistency": false,
    "cache_health_percent": 0.0,
    "latency_ms": 238.695
  },
  {
    "timestamp": 1762646564,
    "truthfulness": true,
    "clarity": true,
    "factual_consistency": false,
    "cache_health_percent": 0.0,
    "latency_ms": 270.248
  },
  {
    "timestamp": 1762646575,
    "truthfulness": true,
    "clarity": false,
    "factual_consistency": false,
    "cache_health_percent": 0.0,
    "latency_ms": 369.874
  },
  {
    "timestamp": 1762646576,
    "truthfulness": true,
    "clarity": true,
    "factual_consistency": false,
    "cache_health_percent": 0.0,
    "latency_ms": 241.842
  },
  {
    "timestamp": 1762647857,
    "truthfulness": true,
    "clarity": true,
    "factual_consistency": false,
    "cache_health_percent": 0.0,
    "latency_ms": 323.597
  },
  {
    "timestamp": 1762647857,
    "truthfulness": true,
    "clarity": true,
    "factual_consistency": false,
    "cache_health_percent": 0.0,
    "latency_ms": 247.916
  },
  {
    "timestamp": 1762647857,
    "truthfulness": true,
    "clarity": false,
    "factual_consistency": true,
    "cache_health_percent": 0.0,
    "latency_ms": 265.045
  },
  {
    "timestamp": 1762647857,
    "truthfulness": true,
    "clarity": false,
    "factual_consistency": true,
    "cache_health_percent": 0.0,
    "latency_ms": 205.188
  },
  {
    "timestamp": 1762647858,
    "truthfulness": true,
    "clarity": true,
    "factual_consistency": false,
    "cache_health_percent": 0.0,
    "latency_ms": 260.286
  },
  {
    "timestamp": 1762647864,
    "truthfulness": true,
    "clarity": true,
    "factual_consistency": false,
    "cache_health_percent": 0.0,
    "latency_ms": 362.008
  },
  {
    "timestamp": 1762648112,
    "truthfulness": true,
    "clarity": true,
    "factual_consistency": false,
    "cache_health_percent": 0.0,
    "latency_ms": 581.279
  },
  {
    "timestamp": 1762648119,
    "truthfulness": true,
    "clarity": true,
    "factual_consistency": false,
    "cache_health_percent": 0.0,
    "latency_ms": 570.783
  },
  {
    "timestamp": 1762648123,
    "truthfulness": true,
    "clarity": true,
    "factual_consistency": false,
    "cache_health_percent": 0.0,
    "latency_ms": 635.649
  },
  {
    "timestamp": 1762648133,
    "truthfulness": true,
    "clarity": true,
    "factual_consistency": false,
    "cache_health_percent": 0.0,
    "latency_ms": 662.81
  },
  {
    "timestamp": 1762648140,
    "truthfulness": true,
    "clarity": true,
    "factual_consistency": false,
    "cache_health_percent": 0.0,
    "latency_ms": 659.295
  },
  {
    "timestamp": 1762648148,
    "truthfulness": true,
    "clarity": false,
    "factual_consistency": false,
    "cache_health_percent": 0.0,
    "latency_ms": 655.924
  },
  {
    "timestamp": 1762648160,
    "truthfulness": true,
    "clarity": true,
    "factual_consistency": false,
    "cache_health_percent": 0.0,
    "latency_ms": 729.369
  },
  {
    "timestamp": 1762648189,
    "truthfulness": false,
    "clarity": false,
    "factual_consistency": true,
    "cache_health_percent": 0.0,
    "latency_ms": 0.0
  },
  {
    "timestamp": 1762648224,
    "truthfulness": true,
    "clarity": true,
    "factual_consistency": false,
    "cache_health_percent": 0.0,
    "latency_ms": 731.708
  },
  {
    "timestamp": 1762648233,
    "truthfulness": true,
    "clarity": true,
    "factual_consistency": false,
    "cache_health_percent": 0.0,
    "latency_ms": 674.698
  },
  {
    "timestamp": 1762648243,
    "truthfulness": true,
    "clarity": true,
    "factual_consistency": true,
    "cache_health_percent": 0.0,
    "latency_ms": 835.137
  },
  {
    "timestamp": 1762648257,
    "truthfulness": true,
    "clarity": true,
    "factual_consistency": false,
    "cache_health_percent": 0.0,
    "latency_ms": 694.505
  },
  {
    "timestamp": 1762658161,
    "truthfulness": true,
    "clarity": true,
    "factual_consistency": true,
    "cache_health_percent": 0.0,
    "latency_ms": 390.259
  },
  {
    "timestamp": 1762658176,
    "truthfulness": true,
    "clarity": true,
    "factual_consistency": true,
    "cache_health_percent": 0.0,
    "latency_ms": 367.01
  },
  {
    "timestamp": 1762658176,
    "truthfulness": true,
    "clarity": true,
    "factual_consistency": false,
    "cache_health_percent": 0.0,
    "latency_ms": 276.588
  },
  {
    "timestamp": 1762658215,
    "truthfulness": true,
    "clarity": true,
    "factual_consistency": true,
    "cache_health_percent": 0.0,
    "latency_ms": 294.36
  },
  {
    "timestamp": 1762658215,
    "truthfulness": true,
    "clarity": true,
    "factual_consistency": false,
    "cache_health_percent": 0.0,
    "latency_ms": 266.19
  },
  {
    "timestamp": 1762658361,
    "truthfulness": true,
    "clarity": true,
    "factual_consistency": true,
    "cache_health_percent": 0.0,
    "latency_ms": 361.785
  },
  {
    "timestamp": 1762658361,
    "truthfulness": true,
    "clarity": true,
    "factual_consistency": false,
    "cache_health_percent": 0.0,
    "latency_ms": 272.778
  },
  {
    "timestamp": 1762658410,
    "truthfulness": true,
    "clarity": true,
    "factual_consistency": true,
    "cache_health_percent": 0.0,
    "latency_ms": 275.05
  },
  {
    "timestamp": 1762658410,
    "truthfulness": true,
    "clarity": true,
    "factual_consistency": false,
    "cache_health_percent": 0.0,
    "latency_ms": 260.766
  },
  {
    "timestamp": 1762658476,
    "truthfulness": true,
    "clarity": true,
    "factual_consistency": false,
    "cache_health_percent": 0.0,
    "latency_ms": 321.949
  },
  {
    "timestamp": 1762658477,
    "truthfulness": true,
    "clarity": true,
    "factual_consistency": false,
    "cache_health_percent": 0.0,
    "latency_ms": 252.101
  },
  {
    "timestamp": 1762658482,
    "truthfulness": true,
    "clarity": true,
    "factual_consistency": false,
    "cache_health_percent": 0.0,
    "latency_ms": 333.932
  },
  {
    "timestamp": 1762658482,
    "truthfulness": true,
    "clarity": false,
    "factual_consistency": true,
    "cache_health_percent": 0.0,
    "latency_ms": 255.38
  },
  {
    "timestamp": 1762658483,
    "truthfulness": true,
    "clarity": true,
    "factual_consistency": false,
    "cache_health_percent": 0.0,
    "latency_ms": 279.318
  },
  {
    "timestamp": 1762658489,
    "truthfulness": true,
    "clarity": true,
    "factual_consistency": false,
    "cache_health_percent": 0.0,
    "latency_ms": 321.929
  },
  {
    "timestamp": 1762658489,
    "truthfulness": false,
    "clarity": true,
    "factual_consistency": false,
    "cache_health_percent": 0.0,
    "latency_ms": 220.087
  },
  {
    "timestamp": 1762658493,
    "truthfulness": false,
    "clarity": false,
    "factual_consistency": true,
    "cache_health_percent": 0.0,
    "latency_ms": 0.001
  },
  {
    "timestamp": 1762658498,
    "truthfulness": true,
    "clarity": true,
    "factual_consistency": false,
    "cache_health_percent": 0.0,
    "latency_ms": 339.596
  },
  {
    "timestamp": 1762658498,
    "truthfulness": true,
    "clarity": true,
    "factual_consistency": false,
    "cache_health_percent": 0.0,
    "latency_ms": 260.71
  },
  {
    "timestamp": 1762658498,
    "truthfulness": true,
    "clarity": true,
    "factual_consistency": false,
    "cache_health_percent": 0.0,
    "latency_ms": 247.857
  },
  {
    "timestamp": 1762659586,
    "truthfulness": true,
    "clarity": true,
    "factual_consistency": true,
    "cache_health_percent": 0.0,
    "latency_ms": 253.939
  },
  {
    "timestamp": 1762659588,
    "truthfulness": true,
    "clarity": true,
    "factual_consistency": true,
    "cache_health_percent": 0.0,
    "latency_ms": 250.559
  },
  {
    "timestamp": 1762659597,
    "truthfulness": true,
    "clarity": true,
    "factual_consistency": true,
    "cache_health_percent": 0.0,
    "latency_ms": 371.856
  },
  {
    "timestamp": 1762659597,
    "truthfulness": true,
    "clarity": true,
    "factual_consistency": true,
    "cache_health_percent": 0.0,
    "latency_ms": 255.808
  },
  {
    "timestamp": 1762659604,
    "truthfulness": true,
    "clarity": true,
    "factual_consistency": true,
    "cache_health_percent": 0.0,
    "latency_ms": 342.628
  },
  {
    "timestamp": 1762659604,
    "truthfulness": true,
    "clarity": true,
    "factual_consistency": true,
    "cache_health_percent": 0.0,
    "latency_ms": 235.953
  },
  {
    "timestamp": 1762659647,
    "truthfulness": true,
    "clarity": false,
    "factual_consistency": false,
    "cache_health_percent": 0.0,
    "latency_ms": 297.018
  },
  {
    "timestamp": 1762685730,
    "truthfulness": true,
    "clarity": true,
    "factual_consistency": true,
    "cache_health_percent": 0.0,
    "latency_ms": 228.634
  },
  {
    "timestamp": 1762685730,
    "truthfulness": true,
    "clarity": true,
    "factual_consistency": false,
    "cache_health_percent": 0.0,
    "latency_ms": 170.295
  },
  {
    "timestamp": 1762685730,
    "truthfulness": true,
    "clarity": false,
    "factual_consistency": false,
    "cache_health_percent": 0.0,
    "latency_ms": 145.813
  },
  {
    "timestamp": 1762685731,
    "truthfulness": true,
    "clarity": false,
    "factual_consistency": true,
    "cache_health_percent": 0.0,
    "latency_ms": 157.255
  },
  {
    "timestamp": 1762685772,
    "truthfulness": true,
    "clarity": true,
    "factual_consistency": true,
    "cache_health_percent": 0.0,
    "latency_ms": 274.029
  },
  {
    "timestamp": 1762685772,
    "truthfulness": true,
    "clarity": true,
    "factual_consistency": false,
    "cache_health_percent": 0.0,
    "latency_ms": 182.462
  },
  {
    "timestamp": 1762685772,
    "truthfulness": true,
    "clarity": true,
    "factual_consistency": true,
    "cache_health_percent": 0.0,
    "latency_ms": 171.011
  },
  {
    "timestamp": 1762685773,
    "truthfulness": true,
    "clarity": true,
    "factual_consistency": false,
    "cache_health_percent": 0.0,
    "latency_ms": 155.739
  },
  {
    "timestamp": 1762685773,
    "truthfulness": false,
    "clarity": true,
    "factual_consistency": true,
    "cache_health_percent": 0.0,
    "latency_ms": 161.719
  },
  {
    "timestamp": 1762685773,
    "truthfulness": true,
    "clarity": true,
    "factual_consistency": false,
    "cache_health_percent": 0.0,
    "latency_ms": 151.323
  },
  {
    "timestamp": 1762685773,
    "truthfulness": true,
    "clarity": true,
    "factual_consistency": true,
    "cache_health_percent": 0.0,
    "latency_ms": 172.31
  },
  {
    "timestamp": 1762685773,
    "truthfulness": true,
    "clarity": true,
    "factual_consistency": false,
    "cache_health_percent": 0.0,
    "latency_ms": 162.119
  },
  {
    "timestamp": 1762685789,
    "truthfulness": true,
    "clarity": true,
    "factual_consistency": true,
    "cache_health_percent": 0.0,
    "latency_ms": 248.791
  },
  {
    "timestamp": 1762685789,
    "truthfulness": true,
    "clarity": true,
    "factual_consistency": false,
    "cache_health_percent": 0.0,
    "latency_ms": 189.113
  },
  {
    "timestamp": 1762685789,
    "truthfulness": true,
    "clarity": false,
    "factual_consistency": false,
    "cache_health_percent": 0.0,
    "latency_ms": 171.87
  },
  {
    "timestamp": 1762690107,
    "truthfulness": true,
    "clarity": true,
    "factual_consistency": false,
    "cache_health_percent": 0.0,
    "latency_ms": 203.166
  },
  {
    "timestamp": 1762690509,
    "truthfulness": true,
    "clarity": true,
    "factual_consistency": false,
    "cache_health_percent": 0.0,
    "latency_ms": 253.638
  },
  {
    "timestamp": 1762695550,
    "truthfulness": true,
    "clarity": true,
    "factual_consistency": false,
    "cache_health_percent": 0.0,
    "latency_ms": 220.661
  },
  {
    "timestamp": 1762695554,
    "truthfulness": true,
    "clarity": true,
    "factual_consistency": true,
    "cache_health_percent": 0.0,
    "latency_ms": 249.504
  },
  {
    "timestamp": 1762695558,
    "truthfulness": true,
    "clarity": true,
    "factual_consistency": false,
    "cache_health_percent": 0.0,
    "latency_ms": 227.829
  },
  {
    "timestamp": 1762696732,
    "truthfulness": true,
    "clarity": true,
    "factual_consistency": false,
    "cache_health_percent": 0.0,
    "latency_ms": 281.071
  },
  {
    "timestamp": 1762697780,
    "truthfulness": true,
    "clarity": true,
    "factual_consistency": false,
    "cache_health_percent": 0.0,
    "latency_ms": 220.057
  },
  {
    "timestamp": 1762697784,
    "truthfulness": true,
    "clarity": true,
    "factual_consistency": false,
    "cache_health_percent": 0.0,
    "latency_ms": 200.441
  },
  {
    "timestamp": 1762698527,
    "truthfulness": true,
    "clarity": true,
    "factual_consistency": false,
    "cache_health_percent": 0.0,
    "latency_ms": 285.8
  },
  {
    "timestamp": 1762699205,
    "truthfulness": true,
    "clarity": true,
    "factual_consistency": false,
    "cache_health_percent": 0.0,
    "latency_ms": 217.92
  },
  {
    "timestamp": 1762699211,
    "truthfulness": true,
    "clarity": true,
    "factual_consistency": false,
    "cache_health_percent": 0.0,
    "latency_ms": 203.71
  },
  {
    "timestamp": 1762699285,
    "truthfulness": true,
    "clarity": true,
    "factual_consistency": false,
    "cache_health_percent": 0.0,
    "latency_ms": 240.051
  },
  {
    "timestamp": 1762699285,
    "truthfulness": true,
    "clarity": true,
    "factual_consistency": false,
    "cache_health_percent": 0.0,
    "latency_ms": 181.885
  },
  {
    "timestamp": 1762699285,
    "truthfulness": true,
    "clarity": true,
    "factual_consistency": false,
    "cache_health_percent": 0.0,
    "latency_ms": 168.353
  },
  {
    "timestamp": 1762699286,
    "truthfulness": false,
    "clarity": false,
    "factual_consistency": true,
    "cache_health_percent": 0.0,
    "latency_ms": 0.001
  },
  {
    "timestamp": 1762699286,
    "truthfulness": true,
    "clarity": true,
    "factual_consistency": false,
    "cache_health_percent": 0.0,
    "latency_ms": 172.284
  },
  {
    "timestamp": 1762699286,
    "truthfulness": true,
    "clarity": true,
    "factual_consistency": false,
    "cache_health_percent": 0.0,
    "latency_ms": 195.247
  },
  {
    "timestamp": 1762699298,
    "truthfulness": true,
    "clarity": true,
    "factual_consistency": false,
    "cache_health_percent": 0.0,
    "latency_ms": 244.576
  },
  {
    "timestamp": 1762699301,
    "truthfulness": true,
    "clarity": true,
    "factual_consistency": false,
    "cache_health_percent": 0.0,
    "latency_ms": 245.573
  },
  {
    "timestamp": 1762700102,
    "truthfulness": true,
    "clarity": true,
    "factual_consistency": false,
    "cache_health_percent": 0.0,
    "latency_ms": 267.537
  },
  {
    "timestamp": 1762700108,
    "truthfulness": true,
    "clarity": true,
    "factual_consistency": false,
    "cache_health_percent": 0.0,
    "latency_ms": 230.444
  },
  {
    "timestamp": 1762700109,
    "truthfulness": true,
    "clarity": true,
    "factual_consistency": false,
    "cache_health_percent": 0.0,
    "latency_ms": 171.174
  },
  {
    "timestamp": 1762700111,
    "truthfulness": true,
    "clarity": true,
    "factual_consistency": false,
    "cache_health_percent": 0.0,
    "latency_ms": 214.226
  },
  {
    "timestamp": 1762702914,
    "truthfulness": true,
    "clarity": true,
    "factual_consistency": false,
    "cache_health_percent": 0.0,
    "latency_ms": 291.421
  },
  {
    "timestamp": 1762892622,
    "truthfulness": true,
    "clarity": true,
    "factual_consistency": true,
    "cache_health_percent": 0.0,
    "latency_ms": 633.047
  },
  {
    "timestamp": 1762969423,
    "truthfulness": true,
    "clarity": true,
    "factual_consistency": false,
    "cache_health_percent": 100.0,
    "latency_ms": 265.119
  },
  {
    "timestamp": 1762969442,
    "truthfulness": true,
    "clarity": true,
    "factual_consistency": false,
    "cache_health_percent": 100.0,
    "latency_ms": 211.812
  },
  {
    "timestamp": 1762969693,
    "truthfulness": true,
    "clarity": true,
    "factual_consistency": false,
    "cache_health_percent": 100.0,
    "latency_ms": 220.427
  },
  {
    "timestamp": 1762969923,
    "truthfulness": true,
    "clarity": true,
    "factual_consistency": true,
    "cache_health_percent": 100.0,
    "latency_ms": 298.656
  },
  {
    "timestamp": 1762969975,
    "truthfulness": true,
    "clarity": true,
    "factual_consistency": false,
    "cache_health_percent": 100.0,
    "latency_ms": 235.059
  },
  {
    "timestamp": 1762970051,
    "truthfulness": true,
    "clarity": true,
    "factual_consistency": false,
    "cache_health_percent": 100.0,
    "latency_ms": 254.226
  },
  {
    "timestamp": 1762970350,
    "truthfulness": true,
    "clarity": true,
    "factual_consistency": false,
    "cache_health_percent": 100.0,
    "latency_ms": 333.257
  },
  {
    "timestamp": 1762970432,
    "truthfulness": true,
    "clarity": true,
    "factual_consistency": false,
    "cache_health_percent": 100.0,
    "latency_ms": 266.713
  },
  {
    "timestamp": 1762970461,
    "truthfulness": true,
    "clarity": true,
    "factual_consistency": false,
    "cache_health_percent": 100.0,
    "latency_ms": 264.509
  },
  {
    "truthfulness": false,
    "clarity": true,
    "factual_consistency": false,
    "cache_health_percent": 100.0,
    "latency_ms": null
  },
  {
    "truthfulness": false,
    "clarity": true,
    "factual_consistency": false,
    "cache_health_percent": 100.0,
    "latency_ms": null
  },
  {
    "truthfulness": true,
    "clarity": true,
    "factual_consistency": false,
    "cache_health_percent": 100.0,
    "latency_ms": null
  },
  {
    "truthfulness": true,
    "clarity": true,
    "factual_consistency": false,
    "cache_health_percent": 100.0,
    "latency_ms": null
  },
  {
    "truthfulness": true,
    "clarity": true,
    "factual_consistency": true,
    "cache_health_percent": 100.0,
    "latency_ms": null
  },
  {
    "truthfulness": true,
    "clarity": true,
    "factual_consistency": false,
    "cache_health_percent": 100.0,
    "latency_ms": null
  },
  {
    "truthfulness": false,
    "clarity": true,
    "factual_consistency": false,
    "cache_health_percent": 100.0,
    "latency_ms": null
  },
  {
    "truthfulness": true,
    "clarity": true,
    "factual_consistency": false,
    "cache_health_percent": 100.0,
    "latency_ms": null
  },
  {
    "truthfulness": false,
    "clarity": true,
    "factual_consistency": false,
    "cache_health_percent": 100.0,
    "latency_ms": null
  },
  {
    "truthfulness": false,
    "clarity": true,
    "factual_consistency": false,
    "cache_health_percent": 100.0,
    "latency_ms": null
  },
  {
    "truthfulness": true,
    "clarity": true,
    "factual_consistency": false,
    "cache_health_percent": 100.0,
    "latency_ms": null
  },
  {
    "truthfulness": true,
    "clarity": true,
    "factual_consistency": false,
    "cache_health_percent": 100.0,
    "latency_ms": null
  },
  {
    "truthfulness": true,
    "clarity": true,
    "factual_consistency": true,
    "cache_health_percent": 100.0,
    "latency_ms": null
  },
  {
    "truthfulness": true,
    "clarity": true,
    "factual_consistency": false,
    "cache_health_percent": 100.0,
    "latency_ms": null
  },
  {
    "truthfulness": false,
    "clarity": true,
    "factual_consistency": false,
    "cache_health_percent": 100.0,
    "latency_ms": null
  },
  {
    "truthfulness": true,
    "clarity": true,
    "factual_consistency": false,
    "cache_health_percent": 100.0,
    "latency_ms": null
  },
  {
    "truthfulness": false,
    "clarity": true,
    "factual_consistency": false,
    "cache_health_percent": 100.0,
    "latency_ms": null
  },
  {
    "truthfulness": false,
    "clarity": true,
    "factual_consistency": false,
    "cache_health_percent": 100.0,
    "latency_ms": null
  },
  {
    "truthfulness": true,
    "clarity": true,
    "factual_consistency": false,
    "cache_health_percent": 100.0,
    "latency_ms": null
  },
  {
    "truthfulness": true,
    "clarity": true,
    "factual_consistency": false,
    "cache_health_percent": 100.0,
    "latency_ms": null
  },
  {
    "truthfulness": true,
    "clarity": true,
    "factual_consistency": true,
    "cache_health_percent": 100.0,
    "latency_ms": null
  },
  {
    "truthfulness": true,
    "clarity": true,
    "factual_consistency": false,
    "cache_health_percent": 100.0,
    "latency_ms": null
  },
  {
    "truthfulness": false,
    "clarity": true,
    "factual_consistency": false,
    "cache_health_percent": 100.0,
    "latency_ms": null
  },
  {
    "truthfulness": true,
    "clarity": true,
    "factual_consistency": false,
    "cache_health_percent": 100.0,
    "latency_ms": null
  },
  {
    "truthfulness": false,
    "clarity": true,
    "factual_consistency": false,
    "cache_health_percent": 100.0,
    "latency_ms": null
  },
  {
    "truthfulness": false,
    "clarity": true,
    "factual_consistency": false,
    "cache_health_percent": 100.0,
    "latency_ms": null
  },
  {
    "truthfulness": true,
    "clarity": true,
    "factual_consistency": false,
    "cache_health_percent": 100.0,
    "latency_ms": null
  },
  {
    "truthfulness": true,
    "clarity": true,
    "factual_consistency": false,
    "cache_health_percent": 100.0,
    "latency_ms": null
  },
  {
    "truthfulness": true,
    "clarity": true,
    "factual_consistency": true,
    "cache_health_percent": 100.0,
    "latency_ms": null
  },
  {
    "truthfulness": true,
    "clarity": true,
    "factual_consistency": false,
    "cache_health_percent": 100.0,
    "latency_ms": null
  },
  {
    "truthfulness": false,
    "clarity": true,
    "factual_consistency": false,
    "cache_health_percent": 100.0,
    "latency_ms": null
  },
  {
    "truthfulness": true,
    "clarity": true,
    "factual_consistency": false,
    "cache_health_percent": 100.0,
    "latency_ms": null
  },
  {
    "truthfulness": false,
    "clarity": true,
    "factual_consistency": false,
    "cache_health_percent": 100.0,
    "latency_ms": null
  },
  {
    "truthfulness": false,
    "clarity": true,
    "factual_consistency": false,
    "cache_health_percent": 100.0,
    "latency_ms": null
  },
  {
    "truthfulness": true,
    "clarity": true,
    "factual_consistency": false,
    "cache_health_percent": 100.0,
    "latency_ms": null
  },
  {
    "truthfulness": true,
    "clarity": true,
    "factual_consistency": false,
    "cache_health_percent": 100.0,
    "latency_ms": null
  },
  {
    "truthfulness": true,
    "clarity": true,
    "factual_consistency": true,
    "cache_health_percent": 100.0,
    "latency_ms": null
  },
  {
    "truthfulness": true,
    "clarity": true,
    "factual_consistency": false,
    "cache_health_percent": 100.0,
    "latency_ms": null
  },
  {
    "truthfulness": false,
    "clarity": true,
    "factual_consistency": false,
    "cache_health_percent": 100.0,
    "latency_ms": null
  },
  {
    "truthfulness": true,
    "clarity": true,
    "factual_consistency": false,
    "cache_health_percent": 100.0,
    "latency_ms": null
  },
  {
    "truthfulness": false,
    "clarity": true,
    "factual_consistency": false,
    "cache_health_percent": 100.0,
    "latency_ms": null
  },
  {
    "truthfulness": false,
    "clarity": true,
    "factual_consistency": false,
    "cache_health_percent": 100.0,
    "latency_ms": null
  },
  {
    "truthfulness": true,
    "clarity": true,
    "factual_consistency": false,
    "cache_health_percent": 100.0,
    "latency_ms": null
  },
  {
    "truthfulness": true,
    "clarity": true,
    "factual_consistency": false,
    "cache_health_percent": 100.0,
    "latency_ms": null
  },
  {
    "truthfulness": true,
    "clarity": true,
    "factual_consistency": true,
    "cache_health_percent": 100.0,
    "latency_ms": null
  },
  {
    "truthfulness": true,
    "clarity": true,
    "factual_consistency": false,
    "cache_health_percent": 100.0,
    "latency_ms": null
  },
  {
    "truthfulness": false,
    "clarity": true,
    "factual_consistency": false,
    "cache_health_percent": 100.0,
    "latency_ms": null
  },
  {
    "truthfulness": true,
    "clarity": true,
    "factual_consistency": false,
    "cache_health_percent": 100.0,
    "latency_ms": null
  },
  {
    "truthfulness": true,
    "clarity": true,
    "factual_consistency": false,
    "cache_health_percent": 100.0,
    "latency_ms": null
  },
  {
    "truthfulness": true,
    "clarity": true,
    "factual_consistency": false,
    "cache_health_percent": 100.0,
    "latency_ms": null
  },
  {
    "truthfulness": true,
    "clarity": true,
    "factual_consistency": false,
    "cache_health_percent": 100.0,
    "latency_ms": null
  },
  {
    "truthfulness": true,
    "clarity": true,
    "factual_consistency": false,
    "cache_health_percent": 100.0,
    "latency_ms": null
  },
  {
    "truthfulness": true,
    "clarity": true,
    "factual_consistency": false,
    "cache_health_percent": 100.0,
    "latency_ms": null
  },
  {
    "truthfulness": true,
    "clarity": true,
    "factual_consistency": false,
    "cache_health_percent": 100.0,
    "latency_ms": null
  },
  {
    "truthfulness": true,
    "clarity": true,
    "factual_consistency": false,
    "cache_health_percent": 100.0,
    "latency_ms": null
  },
  {
    "truthfulness": true,
    "clarity": true,
    "factual_consistency": false,
    "cache_health_percent": 100.0,
    "latency_ms": null
  },
  {
    "truthfulness": true,
    "clarity": true,
    "factual_consistency": false,
    "cache_health_percent": 100.0,
    "latency_ms": null
  },
  {
    "truthfulness": true,
    "clarity": true,
    "factual_consistency": false,
    "cache_health_percent": 100.0,
    "latency_ms": null
  },
  {
    "truthfulness": true,
    "clarity": true,
    "factual_consistency": false,
    "cache_health_percent": 100.0,
    "latency_ms": null
  },
  {
    "truthfulness": true,
    "clarity": true,
    "factual_consistency": false,
    "cache_health_percent": 100.0,
    "latency_ms": null
  },
  {
    "truthfulness": true,
    "clarity": true,
    "factual_consistency": false,
    "cache_health_percent": 100.0,
    "latency_ms": null
  },
  {
    "truthfulness": true,
    "clarity": true,
    "factual_consistency": false,
    "cache_health_percent": 100.0,
    "latency_ms": null
  },
  {
    "truthfulness": true,
    "clarity": true,
    "factual_consistency": false,
    "cache_health_percent": 100.0,
    "latency_ms": null
  },
  {
    "truthfulness": true,
    "clarity": true,
    "factual_consistency": false,
    "cache_health_percent": 100.0,
    "latency_ms": null
  },
  {
    "truthfulness": true,
    "clarity": true,
    "factual_consistency": false,
    "cache_health_percent": 100.0,
    "latency_ms": null
  },
  {
    "truthfulness": true,
    "clarity": true,
    "factual_consistency": false,
    "cache_health_percent": 100.0,
    "latency_ms": null
  },
  {
    "truthfulness": true,
    "clarity": true,
    "factual_consistency": false,
    "cache_health_percent": 100.0,
    "latency_ms": null
  },
  {
    "truthfulness": true,
    "clarity": true,
    "factual_consistency": false,
    "cache_health_percent": 100.0,
    "latency_ms": null
  },
  {
    "truthfulness": true,
    "clarity": true,
    "factual_consistency": false,
    "cache_health_percent": 100.0,
    "latency_ms": null
  },
  {
    "truthfulness": true,
    "clarity": true,
    "factual_consistency": false,
    "cache_health_percent": 100.0,
    "latency_ms": null
  },
  {
    "truthfulness": true,
    "clarity": true,
    "factual_consistency": false,
    "cache_health_percent": 100.0,
    "latency_ms": null
  },
  {
    "truthfulness": true,
    "clarity": true,
    "factual_consistency": false,
    "cache_health_percent": 100.0,
    "latency_ms": null
  },
  {
    "truthfulness": true,
    "clarity": true,
    "factual_consistency": false,
    "cache_health_percent": 100.0,
    "latency_ms": null
  },
  {
    "truthfulness": true,
    "clarity": true,
    "factual_consistency": false,
    "cache_health_percent": 100.0,
    "latency_ms": null
  },
  {
    "truthfulness": true,
    "clarity": true,
    "factual_consistency": false,
    "cache_health_percent": 100.0,
    "latency_ms": null
  },
  {
    "truthfulness": true,
    "clarity": true,
    "factual_consistency": false,
    "cache_health_percent": 100.0,
    "latency_ms": null
  },
  {
    "truthfulness": true,
    "clarity": true,
    "factual_consistency": false,
    "cache_health_percent": 100.0,
    "latency_ms": null
  },
  {
    "truthfulness": true,
    "clarity": true,
    "factual_consistency": false,
    "cache_health_percent": 100.0,
    "latency_ms": null
  },
  {
    "truthfulness": true,
    "clarity": true,
    "factual_consistency": false,
    "cache_health_percent": 100.0,
    "latency_ms": null
  },
  {
    "truthfulness": true,
    "clarity": true,
    "factual_consistency": false,
    "cache_health_percent": 100.0,
    "latency_ms": null
  }
]