[{"subject": "mars", "relation": "is", "object": "the red planet"}, {"subject": "mars", "relation": "is a planet", "object": "in our solar system"}, {"subject": "paris", "relation": "is", "object": "the capital of france"}, {"subject": "2 + 2", "relation": "is", "object": "4"}, {"subject": "the red planet", "relation": "is", "object": "mars"}, {"subject": "the martian world", "relation": "is", "object": "mars"}, {"subject": "the capital of france", "relation": "is", "object": "paris"}, {"subject": "2+2", "relation": "is", "object": "4"}, {"subject": "photosynthesis", "relation": "is", "object": "I'm going to try my best to answer, but I may not have all the information."}]