{"what is": {"success": 15.35350054432374, "failure": 0.9993420580674116, "success_weight": 15.923327862034558, "failure_weight": 0.9993420580674116, "last_update": 1762349673.1135817}, "is red": {"success": 1.999995825753409, "failure": 0.0, "success_weight": 2.7999941560547725, "failure_weight": 0.0, "last_update": 1762260746.538686}, "who was": {"success": 0.0, "failure": 1.0, "success_weight": 0.0, "failure_weight": 1.0, "last_update": 1762348564.3405995}, "what happens": {"success": 0.0, "failure": 1.0, "success_weight": 0.0, "failure_weight": 1.4, "last_update": 1762348564.5710638}}